age_group,height_cm,weight_kg,drf,matrix_x,matrix_y,matrix_z,res_x,res_y,res_z
1,50,5,00F,173,105,358,0.1326,0.1326,0.1326
1,65,5,00F,219,134,455,0.1326,0.1326,0.1326
1,65,10,01F,134,132,231,0.1326,0.1326,0.28
1,75,10,01F,134,129,267,0.1326,0.1326,0.28
1,85,10,01F,134,129,304,0.1326,0.1326,0.28
1,85,15,01F,154,131,304,0.1326,0.1326,0.28
1,95,10,01F,134,114,341,0.1326,0.1326,0.28
1,95,15,05F,143,100,247,0.17,0.17,0.3856
1,95,20,05F,161,118,247,0.17,0.17,0.3856
1,105,15,05F,151,107,273,0.17,0.17,0.3856
1,105,20,05F,154,107,273,0.17,0.17,0.3856
1,105,25,05F,154,125,273,0.17,0.17,0.3856
1,115,15,05F,144,115,299,0.17,0.17,0.3856
1,115,20,05F,151,115,299,0.17,0.17,0.3856
1,115,25,05F,156,123,299,0.17,0.17,0.3856
1,115,30,05F,161,134,299,0.17,0.17,0.3856
1,125,20,10F,131,102,259,0.198,0.198,0.4849
1,125,25,10F,145,110,259,0.198,0.198,0.4849
1,125,30,10F,149,116,259,0.198,0.198,0.4849
1,125,35,10F,149,120,259,0.198,0.198,0.4849
1,125,40,10F,150,130,259,0.198,0.198,0.4849
1,135,25,10F,145,106,279,0.198,0.198,0.4849
1,135,30,10F,150,113,279,0.198,0.198,0.4849
1,135,35,10F,154,116,279,0.198,0.198,0.4849
1,135,40,10F,154,126,279,0.198,0.198,0.4849
1,135,45,10F,156,140,279,0.198,0.198,0.4849
1,135,50,10F,160,152,279,0.198,0.198,0.4849
1,145,30,10F,151,114,300,0.198,0.198,0.4849
1,145,35,10F,156,118,300,0.198,0.198,0.4849
1,145,40,10F,163,120,300,0.198,0.198,0.4849
1,145,45,10F,165,124,300,0.198,0.198,0.4849
1,145,50,10F,166,138,300,0.198,0.198,0.4849
1,145,55,10F,167,149,300,0.198,0.198,0.4849
1,145,60,10F,167,155,300,0.198,0.198,0.4849
1,145,65,10F,172,171,300,0.198,0.198,0.4849
1,145,70,10F,178,180,300,0.198,0.198,0.4849
1,155,35,15F,126,99,275,0.24,0.24,0.5656
1,155,40,15F,134,104,275,0.24,0.24,0.5656
1,155,45,15F,140,110,275,0.24,0.24,0.5656
1,155,50,15F,147,116,275,0.24,0.24,0.5656
1,155,55,15F,159,124,275,0.24,0.24,0.5656
1,155,60,15F,160,129,275,0.24,0.24,0.5656
1,155,65,15F,160,129,275,0.24,0.24,0.5656
1,155,70,15F,162,134,275,0.24,0.24,0.5656
1,155,75,15F,164,144,275,0.24,0.24,0.5656
1,155,80,15F,164,146,275,0.24,0.24,0.5656
1,155,85,15F,164,159,275,0.24,0.24,0.5656
1,155,90,15F,165,168,275,0.24,0.24,0.5656
1,155,95,15F,165,174,275,0.24,0.24,0.5656
1,165,40,15F,119,104,293,0.24,0.24,0.5656
1,165,45,15F,127,115,293,0.24,0.24,0.5656
1,165,50,15F,134,119,293,0.24,0.24,0.5656
1,165,55,15F,137,124,293,0.24,0.24,0.5656
1,165,60,15F,149,127,293,0.24,0.24,0.5656
1,165,65,15F,158,131,293,0.24,0.24,0.5656
1,165,70,15F,158,135,293,0.24,0.24,0.5656
1,165,75,15F,158,144,293,0.24,0.24,0.5656
1,165,80,15F,161,157,293,0.24,0.24,0.5656
1,165,85,15F,161,157,293,0.24,0.24,0.5656
1,165,90,15F,161,166,293,0.24,0.24,0.5656
1,165,95,15F,163,174,293,0.24,0.24,0.5656
1,165,100,15F,164,182,293,0.24,0.24,0.5656
1,165,105,15F,164,182,293,0.24,0.24,0.5656
1,165,110,15F,173,182,293,0.24,0.24,0.5656
1,165,115,15F,176,201,293,0.24,0.24,0.5656
1,175,50,15F,129,114,310,0.24,0.24,0.5656
1,175,55,15F,136,119,310,0.24,0.24,0.5656
1,175,60,15F,143,127,310,0.24,0.24,0.5656
1,175,65,15F,150,130,310,0.24,0.24,0.5656
1,175,70,15F,157,133,310,0.24,0.24,0.5656
1,175,75,15F,164,140,310,0.24,0.24,0.5656
1,175,80,15F,164,142,310,0.24,0.24,0.5656
1,175,85,15F,164,153,310,0.24,0.24,0.5656
1,175,90,15F,164,157,310,0.24,0.24,0.5656
1,175,95,15F,166,168,310,0.24,0.24,0.5656
1,175,100,15F,166,170,310,0.24,0.24,0.5656
1,175,105,15F,168,176,310,0.24,0.24,0.5656
1,175,110,15F,168,176,310,0.24,0.24,0.5656
1,175,115,15F,171,183,310,0.24,0.24,0.5656
2,50,5,00M,173,105,358,0.1326,0.1326,0.1326
2,65,5,00M,219,134,455,0.1326,0.1326,0.1326
2,65,10,01M,134,132,231,0.1326,0.1326,0.28
2,75,10,01M,134,129,267,0.1326,0.1326,0.28
2,85,10,01M,137,132,306,0.1326,0.1326,0.28
2,85,15,01M,151,132,306,0.1326,0.1326,0.28
2,95,10,01M,134,114,341,0.1326,0.1326,0.28
2,95,15,05M,143,100,247,0.17,0.17,0.3856
2,95,20,05M,161,118,247,0.17,0.17,0.3856
2,105,15,05M,151,107,273,0.17,0.17,0.3856
2,105,20,05M,154,107,273,0.17,0.17,0.3856
2,105,25,05M,154,122,273,0.17,0.17,0.3856
2,115,15,05M,144,115,299,0.17,0.17,0.3856
2,115,20,05M,151,115,299,0.17,0.17,0.3856
2,115,25,05M,156,120,299,0.17,0.17,0.3856
2,115,30,05M,161,141,299,0.17,0.17,0.3856
2,125,20,10M,131,100,259,0.198,0.198,0.4849
2,125,25,10M,145,108,259,0.198,0.198,0.4849
2,125,30,10M,149,112,259,0.198,0.198,0.4849
2,125,35,10M,149,119,259,0.198,0.198,0.4849
2,125,40,10M,150,136,259,0.198,0.198,0.4849
2,135,25,10M,145,106,279,0.198,0.198,0.4849
2,135,30,10M,150,111,279,0.198,0.198,0.4849
2,135,35,10M,154,114,279,0.198,0.198,0.4849
2,135,40,10M,154,130,279,0.198,0.198,0.4849
2,135,45,10M,156,139,279,0.198,0.198,0.4849
2,135,50,10M,156,157,279,0.198,0.198,0.4849
2,145,30,10M,151,111,300,0.198,0.198,0.4849
2,145,35,10M,156,115,300,0.198,0.198,0.4849
2,145,40,10M,163,119,300,0.198,0.198,0.4849
2,145,45,10M,165,123,300,0.198,0.198,0.4849
2,145,50,10M,166,144,300,0.198,0.198,0.4849
2,145,55,10M,167,150,300,0.198,0.198,0.4849
2,145,60,10M,167,160,300,0.198,0.198,0.4849
2,145,65,10M,172,171,300,0.198,0.198,0.4849
2,155,35,15M,131,100,274,0.25,0.25,0.5663
2,155,40,15M,133,102,274,0.25,0.25,0.5663
2,155,45,15M,135,104,274,0.25,0.25,0.5663
2,155,50,15M,157,113,274,0.25,0.25,0.5663
2,155,55,15M,157,113,274,0.25,0.25,0.5663
2,155,60,15M,158,115,274,0.25,0.25,0.5663
2,155,65,15M,158,116,274,0.25,0.25,0.5663
2,155,70,15M,158,118,274,0.25,0.25,0.5663
2,155,75,15M,160,133,274,0.25,0.25,0.5663
2,155,80,15M,160,136,274,0.25,0.25,0.5663
2,165,40,15M,135,99,292,0.25,0.25,0.5663
2,165,45,15M,135,100,292,0.25,0.25,0.5663
2,165,50,15M,151,107,292,0.25,0.25,0.5663
2,165,55,15M,151,107,292,0.25,0.25,0.5663
2,165,60,15M,151,112,292,0.25,0.25,0.5663
2,165,65,15M,170,115,292,0.25,0.25,0.5663
2,165,70,15M,172,115,292,0.25,0.25,0.5663
2,165,75,15M,172,120,292,0.25,0.25,0.5663
2,165,80,15M,172,130,292,0.25,0.25,0.5663
2,165,85,15M,172,136,292,0.25,0.25,0.5663
2,165,90,15M,172,143,292,0.25,0.25,0.5663
2,165,95,15M,176,153,292,0.25,0.25,0.5663
2,165,100,15M,176,161,292,0.25,0.25,0.5663
2,165,105,15M,176,165,292,0.25,0.25,0.5663
2,175,50,15M,121,98,309,0.25,0.25,0.5663
2,175,55,15M,121,103,309,0.25,0.25,0.5663
2,175,60,15M,132,106,309,0.25,0.25,0.5663
2,175,65,15M,132,109,309,0.25,0.25,0.5663
2,175,70,15M,144,117,309,0.25,0.25,0.5663
2,175,75,15M,146,117,309,0.25,0.25,0.5663
2,175,80,15M,151,122,309,0.25,0.25,0.5663
2,175,85,15M,151,126,309,0.25,0.25,0.5663
2,175,90,15M,151,138,309,0.25,0.25,0.5663
2,175,95,15M,151,140,309,0.25,0.25,0.5663
2,175,100,15M,153,150,309,0.25,0.25,0.5663
2,175,105,15M,157,156,309,0.25,0.25,0.5663
2,175,110,15M,160,160,309,0.25,0.25,0.5663
2,175,115,15M,163,165,309,0.25,0.25,0.5663
2,175,120,15M,166,170,309,0.25,0.25,0.5663
2,175,125,15M,166,176,309,0.25,0.25,0.5663
2,185,55,15M,124,104,327,0.25,0.25,0.5663
2,185,60,15M,128,107,327,0.25,0.25,0.5663
2,185,65,15M,133,108,327,0.25,0.25,0.5663
2,185,70,15M,139,113,327,0.25,0.25,0.5663
2,185,75,15M,141,115,327,0.25,0.25,0.5663
2,185,80,15M,146,122,327,0.25,0.25,0.5663
2,185,85,15M,148,124,327,0.25,0.25,0.5663
2,185,90,15M,153,128,327,0.25,0.25,0.5663
2,185,95,15M,157,129,327,0.25,0.25,0.5663
2,185,100,15M,158,135,327,0.25,0.25,0.5663
2,185,105,15M,161,139,327,0.25,0.25,0.5663
2,185,110,15M,162,144,327,0.25,0.25,0.5663
2,185,115,15M,164,150,327,0.25,0.25,0.5663
2,185,120,15M,165,155,327,0.25,0.25,0.5663
2,185,125,15M,168,152,327,0.25,0.25,0.5663
3,150,40,35F,131,109,278,0.252,0.252,0.54
3,150,45,35F,141,111,278,0.252,0.252,0.54
3,150,50,35F,147,118,278,0.252,0.252,0.54
3,150,55,35F,147,121,278,0.252,0.252,0.54
3,150,60,35F,147,121,278,0.252,0.252,0.54
3,150,65,35F,148,124,278,0.252,0.252,0.54
3,150,70,35F,148,137,278,0.252,0.252,0.54
3,150,75,35F,150,147,278,0.252,0.252,0.54
3,150,80,35F,150,150,278,0.252,0.252,0.54
3,150,85,35F,150,162,278,0.252,0.252,0.54
3,150,90,35F,152,169,278,0.252,0.252,0.54
3,150,95,35F,152,183,278,0.252,0.252,0.54
3,155,40,35F,126,101,288,0.252,0.252,0.54
3,155,45,35F,137,109,288,0.252,0.252,0.54
3,155,50,35F,146,113,288,0.252,0.252,0.54
3,155,55,35F,152,118,288,0.252,0.252,0.54
3,155,60,35F,152,125,288,0.252,0.252,0.54
3,155,65,35F,153,125,288,0.252,0.252,0.54
3,155,70,35F,154,131,288,0.252,0.252,0.54
3,155,75,35F,155,131,288,0.252,0.252,0.54
3,155,80,35F,155,146,288,0.252,0.252,0.54
3,155,85,35F,157,151,288,0.252,0.252,0.54
3,155,90,35F,158,159,288,0.252,0.252,0.54
3,155,95,35F,159,162,288,0.252,0.252,0.54
3,155,100,35F,159,163,288,0.252,0.252,0.54
3,155,105,35F,160,168,288,0.252,0.252,0.54
3,155,110,35F,162,181,288,0.252,0.252,0.54
3,155,115,35F,172,186,288,0.252,0.252,0.54
3,160,45,35F,135,103,297,0.252,0.252,0.54
3,160,50,35F,143,110,297,0.252,0.252,0.54
3,160,55,35F,143,112,297,0.252,0.252,0.54
3,160,60,35F,148,123,297,0.252,0.252,0.54
3,160,65,35F,158,126,299,0.252,0.252,0.54
3,160,70,35F,160,133,299,0.252,0.252,0.54
3,160,75,35F,160,140,299,0.252,0.252,0.54
3,160,80,35F,160,140,299,0.252,0.252,0.54
3,160,85,35F,162,145,299,0.252,0.252,0.54
3,160,90,35F,163,155,299,0.252,0.252,0.54
3,160,95,35F,164,165,299,0.252,0.252,0.54
3,160,100,35F,165,167,299,0.252,0.252,0.54
3,160,105,35F,167,175,299,0.252,0.252,0.54
3,160,110,35F,167,184,299,0.252,0.252,0.54
3,160,115,35F,167,189,299,0.252,0.252,0.54
3,160,120,35F,169,200,299,0.252,0.252,0.54
3,160,125,35F,172,199,299,0.252,0.252,0.54
3,165,45,35F,119,102,307,0.252,0.252,0.54
3,165,50,35F,129,110,307,0.252,0.252,0.54
3,165,55,35F,130,118,307,0.252,0.252,0.54
3,165,60,35F,137,121,307,0.252,0.252,0.54
3,165,65,35F,144,128,307,0.252,0.252,0.54
3,165,70,35F,153,130,307,0.252,0.252,0.54
3,165,75,35F,153,137,306,0.252,0.252,0.54
3,165,80,35F,153,141,306,0.252,0.252,0.54
3,165,85,35F,154,151,306,0.252,0.252,0.54
3,165,90,35F,155,155,306,0.252,0.252,0.54
3,165,95,35F,157,156,306,0.252,0.252,0.54
3,165,100,35F,157,175,306,0.252,0.252,0.54
3,165,105,35F,160,177,306,0.252,0.252,0.54
3,165,110,35F,160,184,306,0.252,0.252,0.54
3,165,115,35F,163,186,306,0.252,0.252,0.54
3,165,120,35F,164,189,306,0.252,0.252,0.54
3,165,125,35F,170,194,306,0.252,0.252,0.54
3,165,130,35F,173,203,306,0.252,0.252,0.54
3,165,135,35F,168,217,306,0.252,0.252,0.54
3,170,50,35F,126,112,316,0.252,0.252,0.54
3,170,55,35F,135,114,316,0.252,0.252,0.54
3,170,60,35F,141,119,316,0.252,0.252,0.54
3,170,65,35F,150,123,316,0.252,0.252,0.54
3,170,70,35F,157,128,316,0.252,0.252,0.54
3,170,75,35F,157,132,316,0.252,0.252,0.54
3,170,80,35F,158,136,316,0.252,0.252,0.54
3,170,85,35F,158,146,316,0.252,0.252,0.54
3,170,90,35F,158,150,316,0.252,0.252,0.54
3,170,95,35F,161,154,316,0.252,0.252,0.54
3,170,100,35F,161,157,316,0.252,0.252,0.54
3,170,105,35F,163,173,316,0.252,0.252,0.54
3,170,110,35F,164,173,316,0.252,0.252,0.54
3,170,115,35F,164,181,316,0.252,0.252,0.54
3,170,120,35F,166,181,316,0.252,0.252,0.54
3,170,125,35F,168,190,316,0.252,0.252,0.54
3,175,60,35F,138,121,324,0.252,0.252,0.54
3,175,65,35F,145,125,324,0.252,0.252,0.54
3,175,70,35F,156,130,324,0.252,0.252,0.54
3,175,75,35F,160,135,324,0.252,0.252,0.54
3,175,80,35F,161,141,324,0.252,0.252,0.54
3,175,85,35F,161,145,324,0.252,0.252,0.54
3,175,90,35F,161,153,324,0.252,0.252,0.54
3,175,95,35F,165,164,324,0.252,0.252,0.54
3,175,100,35F,165,168,324,0.252,0.252,0.54
3,175,105,35F,167,175,324,0.252,0.252,0.54
3,175,110,35F,169,182,324,0.252,0.252,0.54
3,175,115,35F,170,181,324,0.252,0.252,0.54
3,175,120,35F,171,183,324,0.252,0.252,0.54
4,160,50,35M,125,86,363,0.3158,0.3158,0.4414
4,160,55,35M,133,87,363,0.3158,0.3158,0.4414
4,160,60,35M,135,92,363,0.3158,0.3158,0.4414
4,160,65,35M,138,94,363,0.3158,0.3158,0.4414
4,160,70,35M,138,95,363,0.3158,0.3158,0.4414
4,160,75,35M,139,95,363,0.3158,0.3158,0.4414
4,160,80,35M,142,97,363,0.3158,0.3158,0.4414
4,160,85,35M,146,101,363,0.3158,0.3158,0.4414
4,160,90,35M,146,104,363,0.3158,0.3158,0.4414
4,160,95,35M,149,108,363,0.3158,0.3158,0.4414
4,165,50,35M,121,85,374,0.3158,0.3158,0.4414
4,165,55,35M,123,86,374,0.3158,0.3158,0.4414
4,165,60,35M,126,86,374,0.3158,0.3158,0.4414
4,165,65,35M,135,91,374,0.3158,0.3158,0.4414
4,165,70,35M,141,92,374,0.3158,0.3158,0.4414
4,165,75,35M,142,92,374,0.3158,0.3158,0.4414
4,165,80,35M,144,98,374,0.3158,0.3158,0.4414
4,165,85,35M,147,101,374,0.3158,0.3158,0.4414
4,165,90,35M,149,110,374,0.3158,0.3158,0.4414
4,165,95,35M,150,116,374,0.3158,0.3158,0.4414
4,165,100,35M,154,119,374,0.3158,0.3158,0.4414
4,165,105,35M,153,122,374,0.3158,0.3158,0.4414
4,165,110,35M,154,121,374,0.3158,0.3158,0.4414
4,170,50,35M,121,84,386,0.3158,0.3158,0.4414
4,170,55,35M,130,85,386,0.3158,0.3158,0.4414
4,170,60,35M,130,88,386,0.3158,0.3158,0.4414
4,170,65,35M,132,92,386,0.3158,0.3158,0.4414
4,170,70,35M,133,95,386,0.3158,0.3158,0.4414
4,170,75,35M,144,96,386,0.3158,0.3158,0.4414
4,170,80,35M,144,96,386,0.3158,0.3158,0.4414
4,170,85,35M,144,97,386,0.3158,0.3158,0.4414
4,170,90,35M,144,103,386,0.3158,0.3158,0.4414
4,170,95,35M,146,110,386,0.3158,0.3158,0.4414
4,170,100,35M,149,112,386,0.3158,0.3158,0.4414
4,170,105,35M,150,122,386,0.3158,0.3158,0.4414
4,170,110,35M,150,125,386,0.3158,0.3158,0.4414
4,170,115,35M,152,129,386,0.3158,0.3158,0.4414
4,170,120,35M,152,129,386,0.3158,0.3158,0.4414
4,170,125,35M,152,138,386,0.3158,0.3158,0.4414
4,175,55,35M,105,83,397,0.3158,0.3158,0.4414
4,175,60,35M,111,87,397,0.3158,0.3158,0.4414
4,175,65,35M,118,88,397,0.3158,0.3158,0.4414
4,175,70,35M,118,89,397,0.3158,0.3158,0.4414
4,175,75,35M,119,91,397,0.3158,0.3158,0.4414
4,175,80,35M,133,96,397,0.3158,0.3158,0.4414
4,175,85,35M,135,98,397,0.3158,0.3158,0.4414
4,175,90,35M,134,98,397,0.3158,0.3158,0.4414
4,175,95,35M,136,99,397,0.3158,0.3158,0.4414
4,175,100,35M,136,102,397,0.3158,0.3158,0.4414
4,175,105,35M,138,105,397,0.3158,0.3158,0.4414
4,175,110,35M,138,108,397,0.3158,0.3158,0.4414
4,175,115,35M,142,111,397,0.3158,0.3158,0.4414
4,175,120,35M,144,114,397,0.3158,0.3158,0.4414
4,175,125,35M,146,121,397,0.3158,0.3158,0.4414
4,175,130,35M,150,121,397,0.3158,0.3158,0.4414
4,175,135,35M,150,126,397,0.3158,0.3158,0.4414
4,180,55,35M,107,81,408,0.3158,0.3158,0.4414
4,180,60,35M,111,84,408,0.3158,0.3158,0.4414
4,180,65,35M,113,86,408,0.3158,0.3158,0.4414
4,180,70,35M,114,87,408,0.3158,0.3158,0.4414
4,180,75,35M,118,89,408,0.3158,0.3158,0.4414
4,180,80,35M,118,95,408,0.3158,0.3158,0.4414
4,180,85,35M,136,96,409,0.3158,0.3158,0.4414
4,180,90,35M,137,97,409,0.3158,0.3158,0.4414
4,180,95,35M,140,100,409,0.3158,0.3158,0.4414
4,180,100,35M,141,102,409,0.3158,0.3158,0.4414
4,180,105,35M,141,103,409,0.3158,0.3158,0.4414
4,180,110,35M,142,105,409,0.3158,0.3158,0.4414
4,180,115,35M,145,112,409,0.3158,0.3158,0.4414
4,180,120,35M,145,117,409,0.3158,0.3158,0.4414
4,180,125,35M,146,119,409,0.3158,0.3158,0.4414
4,180,130,35M,148,125,409,0.3158,0.3158,0.4414
4,180,135,35M,148,129,409,0.3158,0.3158,0.4414
4,180,140,35M,148,130,409,0.3158,0.3158,0.4414
4,185,65,35M,109,85,420,0.3158,0.3158,0.4414
4,185,70,35M,110,90,420,0.3158,0.3158,0.4414
4,185,75,35M,123,97,420,0.3158,0.3158,0.4414
4,185,80,35M,123,100,420,0.3158,0.3158,0.4414
4,185,85,35M,124,100,420,0.3158,0.3158,0.4414
4,185,90,35M,139,102,420,0.3158,0.3158,0.4414
4,185,95,35M,139,102,420,0.3158,0.3158,0.4414
4,185,100,35M,139,112,420,0.3158,0.3158,0.4414
4,185,105,35M,139,115,420,0.3158,0.3158,0.4414
4,185,110,35M,140,118,420,0.3158,0.3158,0.4414
4,185,115,35M,142,121,420,0.3158,0.3158,0.4414
4,185,120,35M,144,125,420,0.3158,0.3158,0.4414
4,185,125,35M,144,126,420,0.3158,0.3158,0.4414
4,185,130,35M,148,131,420,0.3158,0.3158,0.4414
4,185,135,35M,149,131,420,0.3158,0.3158,0.4414
4,190,75,35M,119,90,431,0.3158,0.3158,0.4414
4,190,80,35M,125,94,431,0.3158,0.3158,0.4414
4,190,85,35M,125,96,431,0.3158,0.3158,0.4414
4,190,90,35M,125,99,431,0.3158,0.3158,0.4414
4,190,95,35M,126,99,431,0.3158,0.3158,0.4414
4,190,100,35M,126,105,431,0.3158,0.3158,0.4414
4,190,105,35M,127,109,431,0.3158,0.3158,0.4414
4,190,110,35M,131,113,431,0.3158,0.3158,0.4414
4,190,115,35M,134,119,431,0.3158,0.3158,0.4414
4,190,120,35M,136,123,431,0.3158,0.3158,0.4414
4,190,125,35M,139,129,431,0.3158,0.3158,0.4414